"0","aa"
"1","             1        .         .         .         .         .         60"
"1"," "
"1","
"
"1","pdb|1AKE|A   MRIILLGAPGAGKGTQAQFIMEKYGIPQISTGDMLRAAVKSGSELGKQAKDIMDAGKLVT"
"1","
"
"1","             1        .         .         .         .         .         60"
"1"," "
"1","

"
"1","            61        .         .         .         .         .         120"
"1"," "
"1","
"
"1","pdb|1AKE|A   DELVIALVKERIAQEDCRNGFLLDGFPRTIPQADAMKEAGINVDYVLEFDVPDELIVDRI"
"1","
"
"1","            61        .         .         .         .         .         120"
"1"," "
"1","

"
"1","           121        .         .         .         .         .         180"
"1"," "
"1","
"
"1","pdb|1AKE|A   VGRRVHAPSGRVYHVKFNPPKVEGKDDVTGEELTTRKDDQEETVRKRLVEYHQMTAPLIG"
"1","
"
"1","           121        .         .         .         .         .         180"
"1"," "
"1","

"
"1","           181        .         .         .   214"
"1"," "
"1","
"
"1","pdb|1AKE|A   YYSKEAEAGNTKYAKVDGTKPVAEVRADLEKILG"
"1","
"
"1","           181        .         .         .   214"
"1"," "
"1","

"
"1","Call:
  "
"1",""
"1","read.fasta(file = outfile)"
"1",""
"1","

"
"1","Class:
  "
"1",""
"1","fasta"
"1",""
"1","

"
"1","Alignment dimensions:
  "
"1",""
"1","1"
"1",""
"1"," sequence rows; "
"1",""
"1","214"
"1",""
"1"," position columns"
"1",""
"1"," ("
"1",""
"1","214"
"1",""
"1"," non-gap, "
"1",""
"1","0"
"1",""
"1"," gap) "
"1",""
"1","
"
"1","
"
"1","+ attr: id, ali, call"
"1","
"
