"0","pdbs"
"1","                               1        .         .         .         .         50"
"1"," "
"1","
"
"1","[Truncated_Name:1]HIVPrDimer   PQITLWQRPLVTIKIGGQLKEALLDTGADDTVLEEMSLPGRWKPKMIGGI"
"1","
"
"1","[Truncated_Name:2]HIVPrDimer   PQITLWQRPLVTIKIGGQLKEALLDTGADDTVLEEMSLPGRWKPKMIGGI"
"1","
"
"1","[Truncated_Name:3]HIVPrDimer   PQITLWQRPLVTIKIGGQLKEALLDTGADDTVLEEMSLPGRWKPKMIGGI"
"1","
"
"1","[Truncated_Name:4]HIVPrDimer   PQITLWQRPLVTIKIGGQLKEALLDTGADDTVLEEMSLPGRWKPKMIGGI"
"1","
"
"1","[Truncated_Name:5]HIVPrDimer   PQITLWQRPLVTIKIGGQLKEALLDTGADDTVLEEMSLPGRWKPKMIGGI"
"1","
"
"1","                               **************************************************"
"1"," "
"1","
"
"1","                               1        .         .         .         .         50"
"1"," "
"1","

"
"1","                              51        .         .         .         .         100"
"1"," "
"1","
"
"1","[Truncated_Name:1]HIVPrDimer   GGFIKVRQYDQILIEICGHKAIGTVLVGPTPVNIIGRNLLTQIGCTLNFP"
"1","
"
"1","[Truncated_Name:2]HIVPrDimer   GGFIKVRQYDQILIEICGHKAIGTVLVGPTPVNIIGRNLLTQIGCTLNFP"
"1","
"
"1","[Truncated_Name:3]HIVPrDimer   GGFIKVRQYDQILIEICGHKAIGTVLVGPTPVNIIGRNLLTQIGCTLNFP"
"1","
"
"1","[Truncated_Name:4]HIVPrDimer   GGFIKVRQYDQILIEICGHKAIGTVLVGPTPVNIIGRNLLTQIGCTLNFP"
"1","
"
"1","[Truncated_Name:5]HIVPrDimer   GGFIKVRQYDQILIEICGHKAIGTVLVGPTPVNIIGRNLLTQIGCTLNFP"
"1","
"
"1","                               **************************************************"
"1"," "
"1","
"
"1","                              51        .         .         .         .         100"
"1"," "
"1","

"
"1","                             101        .         .         .         .         150"
"1"," "
"1","
"
"1","[Truncated_Name:1]HIVPrDimer   QITLWQRPLVTIKIGGQLKEALLDTGADDTVLEEMSLPGRWKPKMIGGIG"
"1","
"
"1","[Truncated_Name:2]HIVPrDimer   QITLWQRPLVTIKIGGQLKEALLDTGADDTVLEEMSLPGRWKPKMIGGIG"
"1","
"
"1","[Truncated_Name:3]HIVPrDimer   QITLWQRPLVTIKIGGQLKEALLDTGADDTVLEEMSLPGRWKPKMIGGIG"
"1","
"
"1","[Truncated_Name:4]HIVPrDimer   QITLWQRPLVTIKIGGQLKEALLDTGADDTVLEEMSLPGRWKPKMIGGIG"
"1","
"
"1","[Truncated_Name:5]HIVPrDimer   QITLWQRPLVTIKIGGQLKEALLDTGADDTVLEEMSLPGRWKPKMIGGIG"
"1","
"
"1","                               **************************************************"
"1"," "
"1","
"
"1","                             101        .         .         .         .         150"
"1"," "
"1","

"
"1","                             151        .         .         .         .       198"
"1"," "
"1","
"
"1","[Truncated_Name:1]HIVPrDimer   GFIKVRQYDQILIEICGHKAIGTVLVGPTPVNIIGRNLLTQIGCTLNF"
"1","
"
"1","[Truncated_Name:2]HIVPrDimer   GFIKVRQYDQILIEICGHKAIGTVLVGPTPVNIIGRNLLTQIGCTLNF"
"1","
"
"1","[Truncated_Name:3]HIVPrDimer   GFIKVRQYDQILIEICGHKAIGTVLVGPTPVNIIGRNLLTQIGCTLNF"
"1","
"
"1","[Truncated_Name:4]HIVPrDimer   GFIKVRQYDQILIEICGHKAIGTVLVGPTPVNIIGRNLLTQIGCTLNF"
"1","
"
"1","[Truncated_Name:5]HIVPrDimer   GFIKVRQYDQILIEICGHKAIGTVLVGPTPVNIIGRNLLTQIGCTLNF"
"1","
"
"1","                               ************************************************"
"1"," "
"1","
"
"1","                             151        .         .         .         .       198"
"1"," "
"1","

"
"1","Call:
  "
"1",""
"1","pdbaln(files = pdb_files, fit = TRUE, exefile = ""msa"")"
"1",""
"1","

"
"1","Class:
  "
"1",""
"1","pdbs, fasta"
"1",""
"1","

"
"1","Alignment dimensions:
  "
"1",""
"1","5"
"1",""
"1"," sequence rows; "
"1",""
"1","198"
"1",""
"1"," position columns"
"1",""
"1"," ("
"1",""
"1","198"
"1",""
"1"," non-gap, "
"1",""
"1","0"
"1",""
"1"," gap) "
"1",""
"1","
"
"1","
"
"1","+ attr: xyz, resno, b, chain, id, ali, resid, sse, call"
"1","
"
